-- phpMyAdmin SQL Dump
-- version 4.9.11
-- https://www.phpmyadmin.net/
--
-- Host: mysql.ct8.pl
-- Czas generowania: 10 Sty 2024, 10:23
-- Wersja serwera: 8.0.33
-- Wersja PHP: 7.4.33

SET SQL_MODE = "NO_AUTO_VALUE_ON_ZERO";
SET AUTOCOMMIT = 0;
START TRANSACTION;
SET time_zone = "+00:00";


/*!40101 SET @OLD_CHARACTER_SET_CLIENT=@@CHARACTER_SET_CLIENT */;
/*!40101 SET @OLD_CHARACTER_SET_RESULTS=@@CHARACTER_SET_RESULTS */;
/*!40101 SET @OLD_COLLATION_CONNECTION=@@COLLATION_CONNECTION */;
/*!40101 SET NAMES utf8mb4 */;

--
-- Baza danych: `m40342_IFly`
--

-- --------------------------------------------------------

--
-- Struktura tabeli dla tabeli `flights`
--

CREATE TABLE `flights` (
  `ID` int NOT NULL,
  `ID_plane` int DEFAULT NULL,
  `ID_tour` int DEFAULT NULL,
  `start` timestamp NULL DEFAULT NULL,
  `end` timestamp NOT NULL DEFAULT CURRENT_TIMESTAMP ON UPDATE CURRENT_TIMESTAMP,
  `flight_number` varchar(254) COLLATE utf8mb3_polish_ci NOT NULL,
  `gate` varchar(254) COLLATE utf8mb3_polish_ci NOT NULL
) ENGINE=InnoDB DEFAULT CHARSET=utf8mb3 COLLATE=utf8mb3_polish_ci;

--
-- Zrzut danych tabeli `flights`
--

INSERT INTO `flights` (`ID`, `ID_plane`, `ID_tour`, `start`, `flight_number`, `gate`) VALUES
(137, 1, 1, '2024-01-05 22:49:14', '3300', '8'),
(138, 1, 1, '2024-01-06 00:03:14', '7858', '3'),
(139, 1, 1, '2024-01-06 03:23:14', '6382', '5'),
(140, 1, 1, '2024-01-06 06:43:14', '3453', '5'),
(141, 1, 1, '2024-01-06 10:03:14', '7387', '2'),
(142, 1, 1, '2024-01-06 13:23:14', '7850', '6'),
(144, 1, 1, '2024-01-06 16:43:14', '1003', '5'),
(145, 1, 1, '2024-01-06 20:03:14', '4577', '5'),
(146, 1, 1, '2024-01-06 23:23:14', '6175', '8'),
(147, 1, 1, '2024-01-07 02:43:14', '1358', '3'),
(148, 1, 1, '2024-01-07 06:03:14', '4099', '4'),
(149, 1, 1, '2024-01-07 09:23:14', '2795', '2'),
(151, 1, 1, '2024-01-07 12:43:14', '8407', '3'),
(152, 1, 1, '2024-01-07 16:03:14', '4124', '6'),
(153, 1, 1, '2024-01-07 19:23:14', '9205', '6'),
(154, 1, 1, '2024-01-07 22:43:14', '3406', '1'),
(155, 1, 1, '2024-01-08 02:03:14', '2108', '1'),
(156, 1, 1, '2024-01-08 05:23:14', '6144', '4'),
(157, 1, 1, '2024-01-08 08:43:14', '2854', '8'),
(158, 1, 1, '2024-01-08 12:03:14', '6445', '8'),
(159, 1, 1, '2024-01-08 15:23:14', '1763', '4'),
(160, 1, 1, '2024-01-08 18:43:14', '7004', '3'),
(161, 1, 1, '2024-01-08 22:03:14', '9849', '1'),
(281, 1, 1, '2024-01-09 01:23:14', '4647', '1'),
(282, 1, 1, '2024-01-09 04:43:14', '2245', '1'),
(283, 1, 1, '2024-01-09 08:03:14', '1919', '2'),
(284, 1, 1, '2024-01-09 11:23:14', '2905', '5'),
(285, 1, 1, '2024-01-09 14:43:14', '3695', '5'),
(286, 1, 1, '2024-01-09 18:03:14', '6525', '9'),
(287, 1, 1, '2024-01-09 21:23:14', '9773', '3'),
(288, 1, 1, '2024-01-10 00:43:14', '9507', '5'),
(289, 1, 1, '2024-01-10 04:03:14', '2784', '3'),
(290, 1, 1, '2024-01-10 07:23:14', '5534', '2'),
(291, 1, 1, '2024-01-10 10:43:14', '9417', '8'),
(292, 1, 1, '2024-01-10 14:03:14', '6398', '3'),
(293, 1, 1, '2024-01-10 17:23:14', '4179', '5'),
(294, 1, 1, '2024-01-10 20:43:14', '9959', '9'),
(295, 1, 1, '2024-01-11 00:03:14', '6709', '9'),
(296, 1, 1, '2024-01-11 03:23:14', '8770', '1'),
(297, 1, 1, '2024-01-11 06:43:14', '4116', '3'),
(298, 1, 1, '2024-01-11 10:03:14', '1616', '8'),
(299, 1, 1, '2024-01-11 13:23:14', '3976', '3'),
(300, 1, 1, '2024-01-11 16:43:14', '5012', '7'),
(301, 1, 1, '2024-01-11 20:03:14', '9953', '7'),
(302, 1, 1, '2024-01-11 23:23:14', '3691', '6'),
(303, 1, 1, '2024-01-12 02:43:14', '7392', '9'),
(304, 1, 1, '2024-01-12 06:03:14', '3288', '9'),
(305, 1, 1, '2024-01-12 09:23:14', '3639', '5'),
(306, 1, 1, '2024-01-12 12:43:14', '9984', '1'),
(307, 1, 1, '2024-01-12 16:03:14', '6760', '4'),
(308, 1, 1, '2024-01-12 19:23:14', '5338', '5'),
(309, 1, 1, '2024-01-12 22:43:14', '8152', '1'),
(310, 1, 1, '2024-01-13 02:03:14', '4051', '1'),
(311, 1, 1, '2024-01-13 05:23:14', '7402', '3'),
(312, 1, 1, '2024-01-13 08:43:14', '4488', '8'),
(313, 1, 1, '2024-01-13 12:03:14', '7811', '8'),
(314, 1, 1, '2024-01-13 15:23:14', '6780', '8'),
(315, 1, 1, '2024-01-13 18:43:14', '5597', '7'),
(316, 1, 1, '2024-01-13 22:03:14', '5668', '1'),
(317, 1, 1, '2024-01-14 01:23:14', '5756', '4'),
(318, 1, 1, '2024-01-14 04:43:14', '5388', '9'),
(319, 1, 1, '2024-01-14 08:03:14', '3886', '5'),
(320, 1, 1, '2024-01-14 11:23:14', '8486', '9'),
(321, 1, 1, '2024-01-14 14:43:14', '7395', '4'),
(322, 1, 1, '2024-01-14 18:03:14', '2122', '1'),
(323, 1, 1, '2024-01-14 21:23:14', '7747', '1'),
(324, 1, 1, '2024-01-15 00:43:14', '8782', '2'),
(325, 1, 1, '2024-01-15 04:03:14', '2181', '3'),
(326, 1, 1, '2024-01-15 07:23:14', '4830', '7'),
(327, 1, 1, '2024-01-15 10:43:14', '4752', '7'),
(328, 1, 1, '2024-01-15 14:03:14', '6335', '9'),
(329, 1, 1, '2024-01-15 17:23:14', '4124', '6'),
(330, 1, 1, '2024-01-15 20:43:14', '6199', '2'),
(971, 2, 2, '2024-01-05 22:49:14', '8668', '6'),
(972, 2, 2, '2024-01-06 00:03:14', '2678', '3'),
(973, 2, 2, '2024-01-06 03:48:14', '4083', '9'),
(974, 2, 2, '2024-01-06 07:33:14', '4043', '9'),
(975, 2, 2, '2024-01-06 11:18:14', '6753', '8'),
(976, 2, 2, '2024-01-06 15:03:14', '8812', '9'),
(977, 2, 2, '2024-01-06 18:48:14', '9812', '9'),
(978, 2, 2, '2024-01-06 22:33:14', '1432', '2'),
(979, 2, 2, '2024-01-07 02:18:14', '6710', '5'),
(980, 2, 2, '2024-01-07 06:03:14', '3295', '6'),
(981, 2, 2, '2024-01-07 09:48:14', '3014', '3'),
(982, 2, 2, '2024-01-07 13:33:14', '3680', '3'),
(983, 2, 2, '2024-01-07 17:18:14', '2453', '5'),
(984, 2, 2, '2024-01-07 21:03:14', '3773', '3'),
(985, 2, 2, '2024-01-08 00:48:14', '9450', '4'),
(986, 2, 2, '2024-01-08 04:33:14', '2955', '8'),
(987, 2, 2, '2024-01-08 08:18:14', '3482', '4'),
(988, 2, 2, '2024-01-08 12:03:14', '5460', '7'),
(989, 2, 2, '2024-01-08 15:48:14', '2425', '4'),
(990, 2, 2, '2024-01-08 19:33:14', '7878', '8'),
(991, 2, 2, '2024-01-08 23:18:14', '3242', '9'),
(992, 2, 2, '2024-01-09 03:03:14', '7720', '8'),
(993, 2, 2, '2024-01-09 06:48:14', '1593', '1'),
(994, 2, 2, '2024-01-09 10:33:14', '3577', '1'),
(995, 2, 2, '2024-01-09 14:18:14', '4690', '9'),
(996, 2, 2, '2024-01-09 18:03:14', '3076', '7'),
(997, 2, 2, '2024-01-09 21:48:14', '1530', '9'),
(998, 2, 2, '2024-01-10 01:33:14', '9276', '6'),
(999, 2, 2, '2024-01-10 05:18:14', '7134', '1'),
(1000, 2, 2, '2024-01-10 09:03:14', '2423', '7'),
(1001, 2, 2, '2024-01-10 12:48:14', '7736', '5'),
(1002, 2, 2, '2024-01-10 16:33:14', '6407', '6'),
(1003, 2, 2, '2024-01-10 20:18:14', '2223', '3'),
(1004, 2, 2, '2024-01-11 00:03:14', '6433', '7'),
(1005, 2, 2, '2024-01-11 03:48:14', '2592', '3'),
(1006, 2, 2, '2024-01-11 07:33:14', '2875', '2'),
(1007, 2, 2, '2024-01-11 11:18:14', '5566', '4'),
(1008, 2, 2, '2024-01-11 15:03:14', '8598', '9'),
(1009, 2, 2, '2024-01-11 18:48:14', '9487', '8'),
(1010, 2, 2, '2024-01-11 22:33:14', '6568', '7'),
(1011, 2, 2, '2024-01-12 02:18:14', '2902', '5'),
(1012, 2, 2, '2024-01-12 06:03:14', '1072', '4'),
(1013, 2, 2, '2024-01-12 09:48:14', '9564', '7'),
(1014, 2, 2, '2024-01-12 13:33:14', '7648', '7'),
(1015, 2, 2, '2024-01-12 17:18:14', '8139', '9'),
(1016, 2, 2, '2024-01-12 21:03:14', '6672', '9'),
(1017, 2, 2, '2024-01-13 00:48:14', '9816', '7'),
(1018, 2, 2, '2024-01-13 04:33:14', '6426', '8'),
(1019, 2, 2, '2024-01-13 08:18:14', '8276', '9'),
(1020, 2, 2, '2024-01-13 12:03:14', '2966', '3'),
(1021, 2, 2, '2024-01-13 15:48:14', '1591', '8'),
(1022, 2, 2, '2024-01-13 19:33:14', '8455', '1'),
(1023, 2, 2, '2024-01-13 23:18:14', '7217', '4'),
(1024, 2, 2, '2024-01-14 03:03:14', '6392', '1'),
(1025, 2, 2, '2024-01-14 06:48:14', '7681', '8'),
(1026, 2, 2, '2024-01-14 10:33:14', '9635', '9'),
(1027, 2, 2, '2024-01-14 14:18:14', '5754', '9'),
(1028, 2, 2, '2024-01-14 18:03:14', '1834', '1'),
(1029, 2, 2, '2024-01-14 21:48:14', '7446', '1'),
(1030, 2, 2, '2024-01-15 01:33:14', '3389', '4'),
(1031, 2, 2, '2024-01-15 05:18:14', '3740', '9'),
(1032, 2, 2, '2024-01-15 09:03:14', '7108', '2'),
(1033, 2, 2, '2024-01-15 12:48:14', '6855', '9'),
(1034, 2, 2, '2024-01-15 16:33:14', '2354', '2'),
(1035, 2, 2, '2024-01-15 20:18:14', '4712', '9'),
(1036, 2, 2, '2024-01-16 00:03:14', '9867', '7'),
(1037, 2, 2, '2024-01-16 03:48:14', '5514', '6'),
(1038, 2, 2, '2024-01-16 07:33:14', '1334', '5'),
(1039, 2, 2, '2024-01-16 11:18:14', '6590', '4'),
(1040, 2, 2, '2024-01-16 15:03:14', '3462', '2'),
(1041, 3, 3, '2024-01-05 22:49:14', '6037', '3'),
(1042, 3, 3, '2024-01-06 00:03:14', '6783', '2'),
(1043, 3, 3, '2024-01-06 02:48:14', '1349', '8'),
(1044, 3, 3, '2024-01-06 05:33:14', '7712', '3'),
(1045, 3, 3, '2024-01-06 08:18:14', '6434', '4'),
(1046, 3, 3, '2024-01-06 11:03:14', '7054', '7'),
(1047, 3, 3, '2024-01-06 13:48:14', '1940', '6'),
(1048, 3, 3, '2024-01-06 16:33:14', '4173', '7'),
(1049, 3, 3, '2024-01-06 19:18:14', '8843', '3'),
(1050, 3, 3, '2024-01-06 22:03:14', '8207', '1'),
(1051, 3, 3, '2024-01-07 00:48:14', '4743', '7'),
(1052, 3, 3, '2024-01-07 03:33:14', '7867', '9'),
(1053, 3, 3, '2024-01-07 06:18:14', '8536', '3'),
(1054, 3, 3, '2024-01-07 09:03:14', '3182', '2'),
(1055, 3, 3, '2024-01-07 11:48:14', '3713', '2'),
(1056, 3, 3, '2024-01-07 14:33:14', '8328', '3'),
(1057, 3, 3, '2024-01-07 17:18:14', '3295', '1'),
(1058, 3, 3, '2024-01-07 20:03:14', '9883', '8'),
(1059, 3, 3, '2024-01-07 22:48:14', '9250', '1'),
(1060, 3, 3, '2024-01-08 01:33:14', '5695', '7'),
(1061, 3, 3, '2024-01-08 04:18:14', '2572', '5'),
(1062, 3, 3, '2024-01-08 07:03:14', '7458', '1'),
(1063, 3, 3, '2024-01-08 09:48:14', '8142', '8'),
(1064, 3, 3, '2024-01-08 12:33:14', '7003', '9'),
(1065, 3, 3, '2024-01-08 15:18:14', '9387', '3'),
(1066, 3, 3, '2024-01-08 18:03:14', '1949', '2'),
(1067, 3, 3, '2024-01-08 20:48:14', '5801', '8'),
(1068, 3, 3, '2024-01-08 23:33:14', '1012', '2'),
(1069, 3, 3, '2024-01-09 02:18:14', '7775', '7'),
(1070, 3, 3, '2024-01-09 05:03:14', '1755', '1'),
(1071, 3, 3, '2024-01-09 07:48:14', '5688', '7'),
(1072, 3, 3, '2024-01-09 10:33:14', '2616', '3'),
(1073, 3, 3, '2024-01-09 13:18:14', '2037', '8'),
(1074, 3, 3, '2024-01-09 16:03:14', '6877', '9'),
(1075, 3, 3, '2024-01-09 18:48:14', '1761', '5'),
(1076, 3, 3, '2024-01-09 21:33:14', '4631', '7'),
(1077, 3, 3, '2024-01-10 00:18:14', '6649', '4'),
(1078, 3, 3, '2024-01-10 03:03:14', '4650', '5'),
(1079, 3, 3, '2024-01-10 05:48:14', '2500', '5'),
(1080, 3, 3, '2024-01-10 08:33:14', '6978', '5'),
(1081, 3, 3, '2024-01-10 11:18:14', '1179', '8'),
(1082, 3, 3, '2024-01-10 14:03:14', '1712', '8'),
(1083, 3, 3, '2024-01-10 16:48:14', '4573', '5'),
(1084, 3, 3, '2024-01-10 19:33:14', '9878', '7'),
(1085, 3, 3, '2024-01-10 22:18:14', '2910', '7'),
(1086, 3, 3, '2024-01-11 01:03:14', '1810', '7'),
(1087, 3, 3, '2024-01-11 03:48:14', '1116', '8'),
(1088, 3, 3, '2024-01-11 06:33:14', '2650', '2'),
(1089, 3, 3, '2024-01-11 09:18:14', '1269', '3'),
(1090, 3, 3, '2024-01-11 12:03:14', '6790', '3'),
(1091, 3, 3, '2024-01-11 14:48:14', '3517', '9'),
(1092, 3, 3, '2024-01-11 17:33:14', '9552', '4'),
(1093, 3, 3, '2024-01-11 20:18:14', '1643', '6'),
(1094, 3, 3, '2024-01-11 23:03:14', '7799', '2'),
(1095, 3, 3, '2024-01-12 01:48:14', '3640', '3'),
(1096, 3, 3, '2024-01-12 04:33:14', '4045', '9'),
(1097, 3, 3, '2024-01-12 07:18:14', '3278', '3'),
(1098, 3, 3, '2024-01-12 10:03:14', '9989', '2'),
(1099, 3, 3, '2024-01-12 12:48:14', '2288', '8'),
(1100, 3, 3, '2024-01-12 15:33:14', '8834', '5'),
(1101, 3, 3, '2024-01-12 18:18:14', '6277', '2'),
(1102, 3, 3, '2024-01-12 21:03:14', '1733', '1'),
(1103, 3, 3, '2024-01-12 23:48:14', '3405', '1'),
(1104, 3, 3, '2024-01-13 02:33:14', '6154', '1'),
(1105, 3, 3, '2024-01-13 05:18:14', '8496', '1'),
(1106, 3, 3, '2024-01-13 08:03:14', '9116', '9'),
(1107, 3, 3, '2024-01-13 10:48:14', '2886', '6'),
(1108, 3, 3, '2024-01-13 13:33:14', '7842', '3'),
(1109, 3, 3, '2024-01-13 16:18:14', '2827', '4'),
(1110, 3, 3, '2024-01-13 19:03:14', '4517', '1'),
(1111, 4, 4, '2024-01-05 22:49:14', '7178', '6'),
(1112, 4, 4, '2024-01-06 00:03:14', '2155', '1'),
(1113, 4, 4, '2024-01-06 03:33:14', '2761', '7'),
(1114, 4, 4, '2024-01-06 07:03:14', '3808', '9'),
(1115, 4, 4, '2024-01-06 10:33:14', '7439', '8'),
(1116, 4, 4, '2024-01-06 14:03:14', '5032', '8'),
(1117, 4, 4, '2024-01-06 17:33:14', '6481', '5'),
(1118, 4, 4, '2024-01-06 21:03:14', '4973', '1'),
(1119, 4, 4, '2024-01-07 00:33:14', '3180', '4'),
(1120, 4, 4, '2024-01-07 04:03:14', '6841', '2'),
(1121, 4, 4, '2024-01-07 07:33:14', '9674', '3'),
(1122, 4, 4, '2024-01-07 11:03:14', '6934', '3'),
(1123, 4, 4, '2024-01-07 14:33:14', '5527', '6'),
(1124, 4, 4, '2024-01-07 18:03:14', '3383', '9'),
(1125, 4, 4, '2024-01-07 21:33:14', '5950', '4'),
(1126, 4, 4, '2024-01-08 01:03:14', '6894', '8'),
(1127, 4, 4, '2024-01-08 04:33:14', '4943', '2'),
(1128, 4, 4, '2024-01-08 08:03:14', '4180', '5'),
(1129, 4, 4, '2024-01-08 11:33:14', '2031', '6'),
(1130, 4, 4, '2024-01-08 15:03:14', '9061', '8'),
(1131, 4, 4, '2024-01-08 18:33:14', '9575', '9'),
(1132, 4, 4, '2024-01-08 22:03:14', '1554', '2'),
(1133, 4, 4, '2024-01-09 01:33:14', '4678', '1'),
(1134, 4, 4, '2024-01-09 05:03:14', '4825', '4'),
(1135, 4, 4, '2024-01-09 08:33:14', '5484', '5'),
(1136, 4, 4, '2024-01-09 12:03:14', '9472', '4'),
(1137, 4, 4, '2024-01-09 15:33:14', '5820', '3'),
(1138, 4, 4, '2024-01-09 19:03:14', '9460', '7'),
(1139, 4, 4, '2024-01-09 22:33:14', '1885', '3'),
(1140, 4, 4, '2024-01-10 02:03:14', '3824', '8'),
(1141, 4, 4, '2024-01-10 05:33:14', '9150', '1'),
(1142, 4, 4, '2024-01-10 09:03:14', '2946', '7'),
(1143, 4, 4, '2024-01-10 12:33:14', '3634', '3'),
(1144, 4, 4, '2024-01-10 16:03:14', '7822', '9'),
(1145, 4, 4, '2024-01-10 19:33:14', '4848', '6'),
(1146, 4, 4, '2024-01-10 23:03:14', '9996', '5'),
(1147, 4, 4, '2024-01-11 02:33:14', '1584', '3'),
(1148, 4, 4, '2024-01-11 06:03:14', '1131', '9'),
(1149, 4, 4, '2024-01-11 09:33:14', '1813', '5'),
(1150, 4, 4, '2024-01-11 13:03:14', '2189', '5'),
(1151, 4, 4, '2024-01-11 16:33:14', '1738', '3'),
(1152, 4, 4, '2024-01-11 20:03:14', '4728', '5'),
(1153, 4, 4, '2024-01-11 23:33:14', '3945', '1'),
(1154, 4, 4, '2024-01-12 03:03:14', '1496', '7'),
(1155, 4, 4, '2024-01-12 06:33:14', '6034', '7'),
(1156, 4, 4, '2024-01-12 10:03:14', '1613', '5'),
(1157, 4, 4, '2024-01-12 13:33:14', '5583', '4'),
(1158, 4, 4, '2024-01-12 17:03:14', '5623', '9'),
(1159, 4, 4, '2024-01-12 20:33:14', '7475', '7'),
(1160, 4, 4, '2024-01-13 00:03:14', '7184', '4'),
(1161, 4, 4, '2024-01-13 03:33:14', '5433', '2'),
(1162, 4, 4, '2024-01-13 07:03:14', '9246', '2'),
(1163, 4, 4, '2024-01-13 10:33:14', '9823', '7'),
(1164, 4, 4, '2024-01-13 14:03:14', '6617', '6'),
(1165, 4, 4, '2024-01-13 17:33:14', '5010', '9'),
(1166, 4, 4, '2024-01-13 21:03:14', '8616', '7'),
(1167, 4, 4, '2024-01-14 00:33:14', '8394', '5'),
(1168, 4, 4, '2024-01-14 04:03:14', '7354', '4'),
(1169, 4, 4, '2024-01-14 07:33:14', '2980', '8'),
(1170, 4, 4, '2024-01-14 11:03:14', '8303', '8'),
(1171, 4, 4, '2024-01-14 14:33:14', '5839', '9'),
(1172, 4, 4, '2024-01-14 18:03:14', '8444', '3'),
(1173, 4, 4, '2024-01-14 21:33:14', '8463', '9'),
(1174, 4, 4, '2024-01-15 01:03:14', '9233', '8'),
(1175, 4, 4, '2024-01-15 04:33:14', '1777', '4'),
(1176, 4, 4, '2024-01-15 08:03:14', '3909', '6'),
(1177, 4, 4, '2024-01-15 11:33:14', '3053', '1'),
(1178, 4, 4, '2024-01-15 15:03:14', '8149', '2'),
(1179, 4, 4, '2024-01-15 18:33:14', '3184', '8'),
(1180, 4, 4, '2024-01-15 22:03:14', '1416', '2'),
(1181, 5, 5, '2024-01-05 22:49:14', '6077', '3'),
(1182, 5, 5, '2024-01-06 00:03:14', '7111', '4'),
(1183, 5, 5, '2024-01-06 03:03:14', '7872', '9'),
(1184, 5, 5, '2024-01-06 06:03:14', '9405', '4'),
(1185, 5, 5, '2024-01-06 09:03:14', '5095', '6'),
(1186, 5, 5, '2024-01-06 12:03:14', '4657', '1'),
(1187, 5, 5, '2024-01-06 15:03:14', '6632', '9'),
(1188, 5, 5, '2024-01-06 18:03:14', '3670', '7'),
(1189, 5, 5, '2024-01-06 21:03:14', '2853', '8'),
(1190, 5, 5, '2024-01-07 00:03:14', '7177', '6'),
(1191, 5, 5, '2024-01-07 03:03:14', '6909', '6'),
(1192, 5, 5, '2024-01-07 06:03:14', '8654', '7'),
(1193, 5, 5, '2024-01-07 09:03:14', '1141', '3'),
(1194, 5, 5, '2024-01-07 12:03:14', '1203', '4'),
(1195, 5, 5, '2024-01-07 15:03:14', '1481', '6'),
(1196, 5, 5, '2024-01-07 18:03:14', '6533', '9'),
(1197, 5, 5, '2024-01-07 21:03:14', '5559', '3'),
(1198, 5, 5, '2024-01-08 00:03:14', '9886', '8'),
(1199, 5, 5, '2024-01-08 03:03:14', '6188', '6'),
(1200, 5, 5, '2024-01-08 06:03:14', '7526', '6'),
(1201, 5, 5, '2024-01-08 09:03:14', '5463', '3'),
(1202, 5, 5, '2024-01-08 12:03:14', '1952', '4'),
(1203, 5, 5, '2024-01-08 15:03:14', '4456', '7'),
(1204, 5, 5, '2024-01-08 18:03:14', '1097', '3'),
(1205, 5, 5, '2024-01-08 21:03:14', '5114', '6'),
(1206, 5, 5, '2024-01-09 00:03:14', '1649', '2'),
(1207, 5, 5, '2024-01-09 03:03:14', '8035', '8'),
(1208, 5, 5, '2024-01-09 06:03:14', '8055', '8'),
(1209, 5, 5, '2024-01-09 09:03:14', '2319', '3'),
(1210, 5, 5, '2024-01-09 12:03:14', '4323', '3'),
(1211, 5, 5, '2024-01-09 15:03:14', '9786', '1'),
(1212, 5, 5, '2024-01-09 18:03:14', '5135', '5'),
(1213, 5, 5, '2024-01-09 21:03:14', '7774', '1'),
(1214, 5, 5, '2024-01-10 00:03:14', '6082', '1'),
(1215, 5, 5, '2024-01-10 03:03:14', '4074', '5'),
(1216, 5, 5, '2024-01-10 06:03:14', '2146', '5'),
(1217, 5, 5, '2024-01-10 09:03:14', '1822', '3'),
(1218, 5, 5, '2024-01-10 12:03:14', '5346', '6'),
(1219, 5, 5, '2024-01-10 15:03:14', '5532', '9'),
(1220, 5, 5, '2024-01-10 18:03:14', '8222', '1'),
(1221, 5, 5, '2024-01-10 21:03:14', '4314', '1'),
(1222, 5, 5, '2024-01-11 00:03:14', '2488', '8'),
(1223, 5, 5, '2024-01-11 03:03:14', '3054', '9'),
(1224, 5, 5, '2024-01-11 06:03:14', '7153', '2'),
(1225, 5, 5, '2024-01-11 09:03:14', '5155', '2'),
(1226, 5, 5, '2024-01-11 12:03:14', '4150', '5'),
(1227, 5, 5, '2024-01-11 15:03:14', '5875', '1'),
(1228, 5, 5, '2024-01-11 18:03:14', '5897', '1'),
(1229, 5, 5, '2024-01-11 21:03:14', '4170', '4'),
(1230, 5, 5, '2024-01-12 00:03:14', '5271', '6'),
(1231, 5, 5, '2024-01-12 03:03:14', '7573', '8'),
(1232, 5, 5, '2024-01-12 06:03:14', '6611', '1'),
(1233, 5, 5, '2024-01-12 09:03:14', '5578', '1'),
(1234, 5, 5, '2024-01-12 12:03:14', '2398', '7'),
(1235, 5, 5, '2024-01-12 15:03:14', '1999', '1'),
(1236, 5, 5, '2024-01-12 18:03:14', '8184', '6'),
(1237, 5, 5, '2024-01-12 21:03:14', '2283', '1'),
(1238, 5, 5, '2024-01-13 00:03:14', '2290', '3'),
(1239, 5, 5, '2024-01-13 03:03:14', '4015', '7'),
(1240, 5, 5, '2024-01-13 06:03:14', '1055', '4'),
(1241, 5, 5, '2024-01-13 09:03:14', '6914', '3'),
(1242, 5, 5, '2024-01-13 12:03:14', '8294', '8'),
(1243, 5, 5, '2024-01-13 15:03:14', '7657', '5'),
(1244, 5, 5, '2024-01-13 18:03:14', '5822', '3'),
(1245, 5, 5, '2024-01-13 21:03:14', '3387', '3'),
(1246, 5, 5, '2024-01-14 00:03:14', '5282', '3'),
(1247, 5, 5, '2024-01-14 03:03:14', '8744', '7'),
(1248, 5, 5, '2024-01-14 06:03:14', '5153', '7'),
(1249, 5, 5, '2024-01-14 09:03:14', '3303', '6'),
(1250, 5, 5, '2024-01-14 12:03:14', '2132', '6'),
(1251, 6, 6, '2024-01-05 22:49:14', '7789', '8'),
(1252, 6, 6, '2024-01-06 00:03:14', '3420', '7'),
(1253, 6, 6, '2024-01-06 03:23:14', '2617', '7'),
(1254, 6, 6, '2024-01-06 06:43:14', '6955', '9'),
(1255, 6, 6, '2024-01-06 10:03:14', '7596', '2'),
(1256, 6, 6, '2024-01-06 13:23:14', '9619', '3'),
(1257, 6, 6, '2024-01-06 16:43:14', '6068', '6'),
(1258, 6, 6, '2024-01-06 20:03:14', '4701', '3'),
(1259, 6, 6, '2024-01-06 23:23:14', '8258', '8'),
(1260, 6, 6, '2024-01-07 02:43:14', '3545', '6'),
(1261, 6, 6, '2024-01-07 06:03:14', '8059', '7'),
(1262, 6, 6, '2024-01-07 09:23:14', '5312', '9'),
(1263, 6, 6, '2024-01-07 12:43:14', '2116', '2'),
(1264, 6, 6, '2024-01-07 16:03:14', '8290', '1'),
(1265, 6, 6, '2024-01-07 19:23:14', '2934', '9'),
(1266, 6, 6, '2024-01-07 22:43:14', '4899', '3'),
(1267, 6, 6, '2024-01-08 02:03:14', '5840', '8'),
(1268, 6, 6, '2024-01-08 05:23:14', '2668', '3'),
(1269, 6, 6, '2024-01-08 08:43:14', '2815', '2'),
(1270, 6, 6, '2024-01-08 12:03:14', '6291', '4'),
(1271, 6, 6, '2024-01-08 15:23:14', '2892', '2'),
(1272, 6, 6, '2024-01-08 18:43:14', '1428', '9'),
(1273, 6, 6, '2024-01-08 22:03:14', '9913', '5'),
(1274, 6, 6, '2024-01-09 01:23:14', '9797', '4'),
(1275, 6, 6, '2024-01-09 04:43:14', '5059', '6'),
(1276, 6, 6, '2024-01-09 08:03:14', '6678', '8'),
(1277, 6, 6, '2024-01-09 11:23:14', '5860', '9'),
(1278, 6, 6, '2024-01-09 14:43:14', '7558', '2'),
(1279, 6, 6, '2024-01-09 18:03:14', '2918', '9'),
(1280, 6, 6, '2024-01-09 21:23:14', '3870', '2'),
(1281, 6, 6, '2024-01-10 00:43:14', '4877', '1'),
(1282, 6, 6, '2024-01-10 04:03:14', '8645', '4'),
(1283, 6, 6, '2024-01-10 07:23:14', '7579', '7'),
(1284, 6, 6, '2024-01-10 10:43:14', '8337', '3'),
(1285, 6, 6, '2024-01-10 14:03:14', '9479', '2'),
(1286, 6, 6, '2024-01-10 17:23:14', '3171', '9'),
(1287, 6, 6, '2024-01-10 20:43:14', '3952', '2'),
(1288, 6, 6, '2024-01-11 00:03:14', '3730', '5'),
(1289, 6, 6, '2024-01-11 03:23:14', '1874', '6'),
(1290, 6, 6, '2024-01-11 06:43:14', '1755', '6'),
(1291, 6, 6, '2024-01-11 10:03:14', '1436', '1'),
(1292, 6, 6, '2024-01-11 13:23:14', '1076', '2'),
(1293, 6, 6, '2024-01-11 16:43:14', '5860', '3'),
(1294, 6, 6, '2024-01-11 20:03:14', '3584', '2'),
(1295, 6, 6, '2024-01-11 23:23:14', '9924', '1'),
(1296, 6, 6, '2024-01-12 02:43:14', '5403', '6'),
(1297, 6, 6, '2024-01-12 06:03:14', '1956', '2'),
(1298, 6, 6, '2024-01-12 09:23:14', '8185', '8'),
(1299, 6, 6, '2024-01-12 12:43:14', '9371', '7'),
(1300, 6, 6, '2024-01-12 16:03:14', '2199', '2'),
(1301, 6, 6, '2024-01-12 19:23:14', '5289', '5'),
(1302, 6, 6, '2024-01-12 22:43:14', '4074', '2'),
(1303, 6, 6, '2024-01-13 02:03:14', '7266', '2'),
(1304, 6, 6, '2024-01-13 05:23:14', '7308', '1'),
(1305, 6, 6, '2024-01-13 08:43:14', '1077', '8'),
(1306, 6, 6, '2024-01-13 12:03:14', '3485', '8'),
(1307, 6, 6, '2024-01-13 15:23:14', '3262', '8'),
(1308, 6, 6, '2024-01-13 18:43:14', '5131', '6'),
(1309, 6, 6, '2024-01-13 22:03:14', '9510', '2'),
(1310, 6, 6, '2024-01-14 01:23:14', '1843', '8'),
(1311, 6, 6, '2024-01-14 04:43:14', '1578', '6'),
(1312, 6, 6, '2024-01-14 08:03:14', '6209', '1'),
(1313, 6, 6, '2024-01-14 11:23:14', '1004', '4'),
(1314, 6, 6, '2024-01-14 14:43:14', '4901', '8'),
(1315, 6, 6, '2024-01-14 18:03:14', '4434', '2'),
(1316, 6, 6, '2024-01-14 21:23:14', '5580', '7'),
(1317, 6, 6, '2024-01-15 00:43:14', '4385', '5'),
(1318, 6, 6, '2024-01-15 04:03:14', '5874', '9'),
(1319, 6, 6, '2024-01-15 07:23:14', '7124', '3'),
(1320, 6, 6, '2024-01-15 10:43:14', '5522', '7'),
(1321, 7, 7, '2024-01-05 22:49:14', '2154', '2'),
(1322, 7, 7, '2024-01-06 00:03:14', '2629', '8'),
(1323, 7, 7, '2024-01-06 03:48:14', '2812', '6'),
(1324, 7, 7, '2024-01-06 07:33:14', '6865', '9'),
(1325, 7, 7, '2024-01-06 11:18:14', '9721', '5'),
(1326, 7, 7, '2024-01-06 15:03:14', '4449', '6'),
(1327, 7, 7, '2024-01-06 18:48:14', '1991', '3'),
(1328, 7, 7, '2024-01-06 22:33:14', '5645', '9'),
(1329, 7, 7, '2024-01-07 02:18:14', '3332', '8'),
(1330, 7, 7, '2024-01-07 06:03:14', '9724', '1'),
(1331, 7, 7, '2024-01-07 09:48:14', '3544', '2'),
(1332, 7, 7, '2024-01-07 13:33:14', '1352', '5'),
(1333, 7, 7, '2024-01-07 17:18:14', '1532', '5'),
(1334, 7, 7, '2024-01-07 21:03:14', '1436', '1'),
(1335, 7, 7, '2024-01-08 00:48:14', '5088', '9'),
(1336, 7, 7, '2024-01-08 04:33:14', '5705', '1'),
(1337, 7, 7, '2024-01-08 08:18:14', '8380', '4'),
(1338, 7, 7, '2024-01-08 12:03:14', '8005', '1'),
(1339, 7, 7, '2024-01-08 15:48:14', '2707', '1'),
(1340, 7, 7, '2024-01-08 19:33:14', '5883', '8'),
(1341, 7, 7, '2024-01-08 23:18:14', '4292', '4'),
(1342, 7, 7, '2024-01-09 03:03:14', '3226', '2'),
(1343, 7, 7, '2024-01-09 06:48:14', '2476', '3'),
(1344, 7, 7, '2024-01-09 10:33:14', '8250', '2'),
(1345, 7, 7, '2024-01-09 14:18:14', '3609', '3'),
(1346, 7, 7, '2024-01-09 18:03:14', '9124', '8'),
(1347, 7, 7, '2024-01-09 21:48:14', '4144', '2'),
(1348, 7, 7, '2024-01-10 01:33:14', '2575', '1'),
(1349, 7, 7, '2024-01-10 05:18:14', '5258', '4'),
(1350, 7, 7, '2024-01-10 09:03:14', '8478', '3'),
(1351, 7, 7, '2024-01-10 12:48:14', '5114', '6'),
(1352, 7, 7, '2024-01-10 16:33:14', '4606', '4'),
(1353, 7, 7, '2024-01-10 20:18:14', '2123', '6'),
(1354, 7, 7, '2024-01-11 00:03:14', '8827', '1'),
(1355, 7, 7, '2024-01-11 03:48:14', '1353', '4'),
(1356, 7, 7, '2024-01-11 07:33:14', '5629', '9'),
(1357, 7, 7, '2024-01-11 11:18:14', '6505', '5'),
(1358, 7, 7, '2024-01-11 15:03:14', '8557', '4'),
(1359, 7, 7, '2024-01-11 18:48:14', '8949', '6'),
(1360, 7, 7, '2024-01-11 22:33:14', '2099', '8'),
(1361, 7, 7, '2024-01-12 02:18:14', '6487', '8'),
(1362, 7, 7, '2024-01-12 06:03:14', '6181', '4'),
(1363, 7, 7, '2024-01-12 09:48:14', '2762', '2'),
(1364, 7, 7, '2024-01-12 13:33:14', '2171', '9'),
(1365, 7, 7, '2024-01-12 17:18:14', '8241', '5'),
(1366, 7, 7, '2024-01-12 21:03:14', '6018', '6'),
(1367, 7, 7, '2024-01-13 00:48:14', '9260', '5'),
(1368, 7, 7, '2024-01-13 04:33:14', '4011', '7'),
(1369, 7, 7, '2024-01-13 08:18:14', '7025', '6'),
(1370, 7, 7, '2024-01-13 12:03:14', '5235', '6'),
(1371, 7, 7, '2024-01-13 15:48:14', '7098', '2'),
(1372, 7, 7, '2024-01-13 19:33:14', '4150', '9'),
(1373, 7, 7, '2024-01-13 23:18:14', '8870', '5'),
(1374, 7, 7, '2024-01-14 03:03:14', '2823', '3'),
(1375, 7, 7, '2024-01-14 06:48:14', '7421', '6'),
(1376, 7, 7, '2024-01-14 10:33:14', '7213', '1'),
(1377, 7, 7, '2024-01-14 14:18:14', '8542', '3'),
(1378, 7, 7, '2024-01-14 18:03:14', '5794', '5'),
(1379, 7, 7, '2024-01-14 21:48:14', '7125', '4'),
(1380, 7, 7, '2024-01-15 01:33:14', '1910', '5'),
(1381, 7, 7, '2024-01-15 05:18:14', '3149', '9'),
(1382, 7, 7, '2024-01-15 09:03:14', '3980', '9'),
(1383, 7, 7, '2024-01-15 12:48:14', '3888', '3'),
(1384, 7, 7, '2024-01-15 16:33:14', '1352', '8'),
(1385, 7, 7, '2024-01-15 20:18:14', '4673', '6'),
(1386, 7, 7, '2024-01-16 00:03:14', '1606', '9'),
(1387, 7, 7, '2024-01-16 03:48:14', '1149', '1'),
(1388, 7, 7, '2024-01-16 07:33:14', '3803', '6'),
(1389, 7, 7, '2024-01-16 11:18:14', '7147', '6'),
(1390, 7, 7, '2024-01-16 15:03:14', '5873', '2'),
(1391, 8, 8, '2024-01-05 22:49:14', '8652', '3'),
(1392, 8, 8, '2024-01-06 00:03:14', '9969', '8'),
(1393, 8, 8, '2024-01-06 02:48:14', '4132', '5'),
(1394, 8, 8, '2024-01-06 05:33:14', '3777', '4'),
(1395, 8, 8, '2024-01-06 08:18:14', '4714', '9'),
(1396, 8, 8, '2024-01-06 11:03:14', '9872', '7'),
(1397, 8, 8, '2024-01-06 13:48:14', '3991', '5'),
(1398, 8, 8, '2024-01-06 16:33:14', '8596', '4'),
(1399, 8, 8, '2024-01-06 19:18:14', '6726', '9'),
(1400, 8, 8, '2024-01-06 22:03:14', '4401', '2'),
(1401, 8, 8, '2024-01-07 00:48:14', '9060', '6'),
(1402, 8, 8, '2024-01-07 03:33:14', '3537', '9'),
(1403, 8, 8, '2024-01-07 06:18:14', '1854', '6'),
(1404, 8, 8, '2024-01-07 09:03:14', '5575', '6'),
(1405, 8, 8, '2024-01-07 11:48:14', '8252', '3'),
(1406, 8, 8, '2024-01-07 14:33:14', '4177', '4'),
(1407, 8, 8, '2024-01-07 17:18:14', '5633', '2'),
(1408, 8, 8, '2024-01-07 20:03:14', '4954', '6'),
(1409, 8, 8, '2024-01-07 22:48:14', '1752', '5'),
(1410, 8, 8, '2024-01-08 01:33:14', '2011', '4'),
(1411, 8, 8, '2024-01-08 04:18:14', '3933', '8'),
(1412, 8, 8, '2024-01-08 07:03:14', '3133', '1'),
(1413, 8, 8, '2024-01-08 09:48:14', '1344', '6'),
(1414, 8, 8, '2024-01-08 12:33:14', '9386', '8'),
(1415, 8, 8, '2024-01-08 15:18:14', '7046', '3'),
(1416, 8, 8, '2024-01-08 18:03:14', '7874', '5'),
(1417, 8, 8, '2024-01-08 20:48:14', '3107', '9'),
(1418, 8, 8, '2024-01-08 23:33:14', '3417', '2'),
(1419, 8, 8, '2024-01-09 02:18:14', '7351', '3'),
(1420, 8, 8, '2024-01-09 05:03:14', '7573', '7'),
(1421, 8, 8, '2024-01-09 07:48:14', '8801', '6'),
(1422, 8, 8, '2024-01-09 10:33:14', '2873', '8'),
(1423, 8, 8, '2024-01-09 13:18:14', '3619', '7'),
(1424, 8, 8, '2024-01-09 16:03:14', '5239', '1'),
(1425, 8, 8, '2024-01-09 18:48:14', '8256', '5'),
(1426, 8, 8, '2024-01-09 21:33:14', '6052', '4'),
(1427, 8, 8, '2024-01-10 00:18:14', '9253', '2'),
(1428, 8, 8, '2024-01-10 03:03:14', '7546', '1'),
(1429, 8, 8, '2024-01-10 05:48:14', '4644', '7'),
(1430, 8, 8, '2024-01-10 08:33:14', '2138', '6'),
(1431, 8, 8, '2024-01-10 11:18:14', '3494', '5'),
(1432, 8, 8, '2024-01-10 14:03:14', '7279', '4'),
(1433, 8, 8, '2024-01-10 16:48:14', '7687', '2'),
(1434, 8, 8, '2024-01-10 19:33:14', '3641', '7'),
(1435, 8, 8, '2024-01-10 22:18:14', '6256', '9'),
(1436, 8, 8, '2024-01-11 01:03:14', '1601', '8'),
(1437, 8, 8, '2024-01-11 03:48:14', '6913', '7'),
(1438, 8, 8, '2024-01-11 06:33:14', '4203', '1'),
(1439, 8, 8, '2024-01-11 09:18:14', '5127', '6'),
(1440, 8, 8, '2024-01-11 12:03:14', '6196', '7'),
(1441, 8, 8, '2024-01-11 14:48:14', '5012', '2'),
(1442, 8, 8, '2024-01-11 17:33:14', '9616', '8'),
(1443, 8, 8, '2024-01-11 20:18:14', '5244', '2'),
(1444, 8, 8, '2024-01-11 23:03:14', '4656', '9'),
(1445, 8, 8, '2024-01-12 01:48:14', '7643', '4'),
(1446, 8, 8, '2024-01-12 04:33:14', '1215', '9'),
(1447, 8, 8, '2024-01-12 07:18:14', '4008', '1'),
(1448, 8, 8, '2024-01-12 10:03:14', '1120', '4'),
(1449, 8, 8, '2024-01-12 12:48:14', '4304', '9'),
(1450, 8, 8, '2024-01-12 15:33:14', '2073', '4'),
(1451, 8, 8, '2024-01-12 18:18:14', '9876', '1'),
(1452, 8, 8, '2024-01-12 21:03:14', '3079', '4'),
(1453, 8, 8, '2024-01-12 23:48:14', '6149', '7'),
(1454, 8, 8, '2024-01-13 02:33:14', '3131', '1'),
(1455, 8, 8, '2024-01-13 05:18:14', '6288', '8'),
(1456, 8, 8, '2024-01-13 08:03:14', '4671', '9'),
(1457, 8, 8, '2024-01-13 10:48:14', '7739', '3'),
(1458, 8, 8, '2024-01-13 13:33:14', '6616', '2'),
(1459, 8, 8, '2024-01-13 16:18:14', '4739', '3'),
(1460, 8, 8, '2024-01-13 19:03:14', '1288', '1'),
(1461, 9, 9, '2024-01-05 22:49:14', '6886', '5'),
(1462, 9, 9, '2024-01-06 00:03:14', '1512', '2'),
(1463, 9, 9, '2024-01-06 03:33:14', '4060', '3'),
(1464, 9, 9, '2024-01-06 07:03:14', '7653', '1'),
(1465, 9, 9, '2024-01-06 10:33:14', '1494', '1'),
(1466, 9, 9, '2024-01-06 14:03:14', '6866', '6'),
(1467, 9, 9, '2024-01-06 17:33:14', '1908', '2'),
(1468, 9, 9, '2024-01-06 21:03:14', '5484', '5'),
(1469, 9, 9, '2024-01-07 00:33:14', '2901', '6'),
(1470, 9, 9, '2024-01-07 04:03:14', '7509', '3'),
(1471, 9, 9, '2024-01-07 07:33:14', '7051', '8'),
(1472, 9, 9, '2024-01-07 11:03:14', '1237', '2'),
(1473, 9, 9, '2024-01-07 14:33:14', '6983', '1'),
(1474, 9, 9, '2024-01-07 18:03:14', '5178', '2'),
(1475, 9, 9, '2024-01-07 21:33:14', '6941', '2'),
(1476, 9, 9, '2024-01-08 01:03:14', '6522', '3'),
(1477, 9, 9, '2024-01-08 04:33:14', '5816', '7'),
(1478, 9, 9, '2024-01-08 08:03:14', '2772', '3'),
(1479, 9, 9, '2024-01-08 11:33:14', '8193', '1'),
(1480, 9, 9, '2024-01-08 15:03:14', '3270', '5'),
(1481, 9, 9, '2024-01-08 18:33:14', '4722', '4'),
(1482, 9, 9, '2024-01-08 22:03:14', '7685', '5'),
(1483, 9, 9, '2024-01-09 01:33:14', '2274', '1'),
(1484, 9, 9, '2024-01-09 05:03:14', '3100', '7'),
(1485, 9, 9, '2024-01-09 08:33:14', '1575', '9'),
(1486, 9, 9, '2024-01-09 12:03:14', '6968', '3'),
(1487, 9, 9, '2024-01-09 15:33:14', '1148', '2'),
(1488, 9, 9, '2024-01-09 19:03:14', '2245', '1'),
(1489, 9, 9, '2024-01-09 22:33:14', '4104', '1'),
(1490, 9, 9, '2024-01-10 02:03:14', '3674', '4'),
(1491, 9, 9, '2024-01-10 05:33:14', '4280', '2'),
(1492, 9, 9, '2024-01-10 09:03:14', '7686', '8'),
(1493, 9, 9, '2024-01-10 12:33:14', '6867', '5'),
(1494, 9, 9, '2024-01-10 16:03:14', '1129', '6'),
(1495, 9, 9, '2024-01-10 19:33:14', '7929', '8'),
(1496, 9, 9, '2024-01-10 23:03:14', '4935', '9'),
(1497, 9, 9, '2024-01-11 02:33:14', '2164', '4'),
(1498, 9, 9, '2024-01-11 06:03:14', '3056', '8'),
(1499, 9, 9, '2024-01-11 09:33:14', '2912', '7'),
(1500, 9, 9, '2024-01-11 13:03:14', '1448', '6'),
(1501, 9, 9, '2024-01-11 16:33:14', '3714', '7'),
(1502, 9, 9, '2024-01-11 20:03:14', '1986', '4'),
(1503, 9, 9, '2024-01-11 23:33:14', '2840', '8'),
(1504, 9, 9, '2024-01-12 03:03:14', '2465', '7'),
(1505, 9, 9, '2024-01-12 06:33:14', '1337', '8'),
(1506, 9, 9, '2024-01-12 10:03:14', '7491', '5'),
(1507, 9, 9, '2024-01-12 13:33:14', '4902', '7'),
(1508, 9, 9, '2024-01-12 17:03:14', '3802', '3'),
(1509, 9, 9, '2024-01-12 20:33:14', '2638', '1'),
(1510, 9, 9, '2024-01-13 00:03:14', '8088', '6'),
(1511, 9, 9, '2024-01-13 03:33:14', '8616', '9'),
(1512, 9, 9, '2024-01-13 07:03:14', '1514', '2'),
(1513, 9, 9, '2024-01-13 10:33:14', '7431', '8'),
(1514, 9, 9, '2024-01-13 14:03:14', '7990', '8'),
(1515, 9, 9, '2024-01-13 17:33:14', '4852', '1'),
(1516, 9, 9, '2024-01-13 21:03:14', '1213', '1'),
(1517, 9, 9, '2024-01-14 00:33:14', '9062', '7'),
(1518, 9, 9, '2024-01-14 04:03:14', '6076', '5'),
(1519, 9, 9, '2024-01-14 07:33:14', '5244', '5'),
(1520, 9, 9, '2024-01-14 11:03:14', '7416', '8'),
(1521, 9, 9, '2024-01-14 14:33:14', '6535', '9'),
(1522, 9, 9, '2024-01-14 18:03:14', '6126', '2'),
(1523, 9, 9, '2024-01-14 21:33:14', '2719', '6'),
(1524, 9, 9, '2024-01-15 01:03:14', '2732', '1'),
(1525, 9, 9, '2024-01-15 04:33:14', '4034', '7'),
(1526, 9, 9, '2024-01-15 08:03:14', '2284', '7'),
(1527, 9, 9, '2024-01-15 11:33:14', '2299', '5'),
(1528, 9, 9, '2024-01-15 15:03:14', '6229', '8'),
(1529, 9, 9, '2024-01-15 18:33:14', '4491', '8'),
(1530, 9, 9, '2024-01-15 22:03:14', '2735', '4'),
(1531, 10, 10, '2024-01-05 22:49:14', '8956', '1'),
(1532, 10, 10, '2024-01-06 00:03:14', '5677', '2'),
(1533, 10, 10, '2024-01-06 03:03:14', '9873', '9'),
(1534, 10, 10, '2024-01-06 06:03:14', '7322', '7'),
(1535, 10, 10, '2024-01-06 09:03:14', '7901', '4'),
(1536, 10, 10, '2024-01-06 12:03:14', '4851', '6'),
(1537, 10, 10, '2024-01-06 15:03:14', '4892', '7'),
(1538, 10, 10, '2024-01-06 18:03:14', '1807', '4'),
(1539, 10, 10, '2024-01-06 21:03:14', '7527', '9'),
(1540, 10, 10, '2024-01-07 00:03:14', '6696', '1'),
(1541, 10, 10, '2024-01-07 03:03:14', '9428', '9'),
(1542, 10, 10, '2024-01-07 06:03:14', '2682', '3'),
(1543, 10, 10, '2024-01-07 09:03:14', '8862', '7'),
(1544, 10, 10, '2024-01-07 12:03:14', '3936', '9'),
(1545, 10, 10, '2024-01-07 15:03:14', '4783', '8'),
(1546, 10, 10, '2024-01-07 18:03:14', '8397', '2'),
(1547, 10, 10, '2024-01-07 21:03:14', '3450', '9'),
(1548, 10, 10, '2024-01-08 00:03:14', '3330', '2'),
(1549, 10, 10, '2024-01-08 03:03:14', '7067', '9'),
(1550, 10, 10, '2024-01-08 06:03:14', '7128', '9'),
(1551, 10, 10, '2024-01-08 09:03:14', '9683', '8'),
(1552, 10, 10, '2024-01-08 12:03:14', '8387', '4'),
(1553, 10, 10, '2024-01-08 15:03:14', '2300', '8'),
(1554, 10, 10, '2024-01-08 18:03:14', '9589', '4'),
(1555, 10, 10, '2024-01-08 21:03:14', '3324', '6'),
(1556, 10, 10, '2024-01-09 00:03:14', '3716', '7'),
(1557, 10, 10, '2024-01-09 03:03:14', '7540', '6'),
(1558, 10, 10, '2024-01-09 06:03:14', '5886', '9'),
(1559, 10, 10, '2024-01-09 09:03:14', '2961', '9'),
(1560, 10, 10, '2024-01-09 12:03:14', '8011', '4'),
(1561, 10, 10, '2024-01-09 15:03:14', '1829', '1'),
(1562, 10, 10, '2024-01-09 18:03:14', '3109', '2'),
(1563, 10, 10, '2024-01-09 21:03:14', '5313', '9'),
(1564, 10, 10, '2024-01-10 00:03:14', '6787', '6'),
(1565, 10, 10, '2024-01-10 03:03:14', '4189', '8'),
(1566, 10, 10, '2024-01-10 06:03:14', '7310', '4'),
(1567, 10, 10, '2024-01-10 09:03:14', '1304', '4'),
(1568, 10, 10, '2024-01-10 12:03:14', '5480', '5'),
(1569, 10, 10, '2024-01-10 15:03:14', '9268', '4'),
(1570, 10, 10, '2024-01-10 18:03:14', '1321', '8'),
(1571, 10, 10, '2024-01-10 21:03:14', '7578', '2'),
(1572, 10, 10, '2024-01-11 00:03:14', '3312', '6'),
(1573, 10, 10, '2024-01-11 03:03:14', '6584', '5'),
(1574, 10, 10, '2024-01-11 06:03:14', '1221', '9'),
(1575, 10, 10, '2024-01-11 09:03:14', '9658', '8'),
(1576, 10, 10, '2024-01-11 12:03:14', '6629', '3'),
(1577, 10, 10, '2024-01-11 15:03:14', '1655', '8'),
(1578, 10, 10, '2024-01-11 18:03:14', '4667', '5'),
(1579, 10, 10, '2024-01-11 21:03:14', '6927', '9'),
(1580, 10, 10, '2024-01-12 00:03:14', '2618', '6'),
(1581, 10, 10, '2024-01-12 03:03:14', '7646', '5'),
(1582, 10, 10, '2024-01-12 06:03:14', '4232', '3'),
(1583, 10, 10, '2024-01-12 09:03:14', '1163', '4'),
(1584, 10, 10, '2024-01-12 12:03:14', '8024', '3'),
(1585, 10, 10, '2024-01-12 15:03:14', '4310', '6'),
(1586, 10, 10, '2024-01-12 18:03:14', '1193', '1'),
(1587, 10, 10, '2024-01-12 21:03:14', '7962', '4'),
(1588, 10, 10, '2024-01-13 00:03:14', '9117', '4'),
(1589, 10, 10, '2024-01-13 03:03:14', '7335', '2'),
(1590, 10, 10, '2024-01-13 06:03:14', '5354', '8'),
(1591, 10, 10, '2024-01-13 09:03:14', '3376', '3'),
(1592, 10, 10, '2024-01-13 12:03:14', '6721', '2'),
(1593, 10, 10, '2024-01-13 15:03:14', '5612', '3'),
(1594, 10, 10, '2024-01-13 18:03:14', '2456', '4'),
(1595, 10, 10, '2024-01-13 21:03:14', '8569', '5'),
(1596, 10, 10, '2024-01-14 00:03:14', '7504', '2'),
(1597, 10, 10, '2024-01-14 03:03:14', '1961', '1'),
(1598, 10, 10, '2024-01-14 06:03:14', '8617', '6'),
(1599, 10, 10, '2024-01-14 09:03:14', '3710', '4'),
(1600, 10, 10, '2024-01-14 12:03:14', '6679', '1');

-- --------------------------------------------------------

--
-- Struktura tabeli dla tabeli `orders`
--

CREATE TABLE `orders` (
  `order_id` int NOT NULL,
  `user_id` int DEFAULT NULL,
  `username` varchar(255) COLLATE utf8mb3_polish_ci DEFAULT NULL,
  `product_id` int DEFAULT NULL,
  `order_date` date DEFAULT NULL,
  `total_price` decimal(10,2) DEFAULT NULL,
  `status` varchar(50) COLLATE utf8mb3_polish_ci DEFAULT NULL,
  `shipping_address` varchar(100) COLLATE utf8mb3_polish_ci DEFAULT NULL
) ENGINE=InnoDB DEFAULT CHARSET=utf8mb3 COLLATE=utf8mb3_polish_ci;

--
-- Zrzut danych tabeli `orders`
--

INSERT INTO `orders` (`order_id`, `user_id`, `username`, `product_id`, `order_date`, `total_price`, `status`, `shipping_address`) VALUES
(4, NULL, 'Hikoto', NULL, '2024-01-03', '606.00', 'oczekujace', 'Sosnowiec Jagiellońska 15'),
(6, NULL, 'guest22198', NULL, '2024-01-03', '606.00', 'oczekujace', 'Sosnowiec Jagiellońska 15'),
(7, NULL, 'guest30930', NULL, '2024-01-03', '456.00', 'oczekujace', 'asd Jagiellońska 15'),
(8, NULL, 'jeffizmyname', NULL, '2024-01-04', '1276.00', 'oczekujace', 'Górka Siewierska '),
(9, NULL, 'jeffizmyname', NULL, '2024-01-04', '7062.00', 'oczekujace', 'Berlin'),
(12, NULL, 'guest86120', NULL, '2024-01-09', '86.00', 'oczekujace', 'ads sad'),
(33, NULL, 'gambitsandomierski', NULL, '2024-01-10', '267.00', 'oczekujace', 'Sosnowiec Jagiellońska 15'),
(34, NULL, 'gambitbedzinski', NULL, '2024-01-10', '267.00', 'oczekujace', 'Sosnowiec Jagiellońska 15');

-- --------------------------------------------------------

--
-- Struktura tabeli dla tabeli `planes`
--

CREATE TABLE `planes` (
  `plane_id` int NOT NULL,
  `name` varchar(254) COLLATE utf8mb3_polish_ci NOT NULL,
  `status` int NOT NULL DEFAULT '0'
) ENGINE=InnoDB DEFAULT CHARSET=utf8mb3 COLLATE=utf8mb3_polish_ci;

--
-- Zrzut danych tabeli `planes`
--

INSERT INTO `planes` (`plane_id`, `name`, `status`) VALUES
(1, 'AirGlide 2.0', 1),
(2, 'FlyMaster 90', 1),
(3, 'SkyLift 3000', 1),
(4, 'AeroFlight ', 1),
(5, 'PassenCarrier 1000', 1),
(6, 'TravelStar 700', 1),
(7, 'Phoenix 720X', 1),
(8, 'AeroTech A5000', 1),
(9, 'SkyGlider S450', 1),
(10, 'StratoCargo C900', 1);

-- --------------------------------------------------------

--
-- Struktura tabeli dla tabeli `products`
--

CREATE TABLE `products` (
  `product_id` int NOT NULL,
  `product_name` varchar(100) COLLATE utf8mb3_polish_ci DEFAULT NULL,
  `description` text COLLATE utf8mb3_polish_ci,
  `price` decimal(10,2) DEFAULT NULL,
  `availability` varchar(50) COLLATE utf8mb3_polish_ci DEFAULT NULL,
  `img` varchar(255) COLLATE utf8mb3_polish_ci DEFAULT NULL
) ENGINE=InnoDB DEFAULT CHARSET=utf8mb3 COLLATE=utf8mb3_polish_ci;

--
-- Zrzut danych tabeli `products`
--

INSERT INTO `products` (`product_id`, `product_name`, `description`, `price`, `availability`, `img`) VALUES
(1, 'Walizka podróżna', 'Wytrzymała walizka na kółkach', '150.00', 'dostępny', 'walizka.png'),
(2, 'Plecak podróżny', 'Wygodny plecak na laptopa', '80.00', 'dostępny', 'plecak.png'),
(3, 'Poduszka podróżna', 'Ergonomiczna poduszka do podróży', '25.00', 'dostępny', 'poduszka.png'),
(4, 'Zestaw do manicure', 'Zestaw podróżny do pielęgnacji paznokci', '30.00', 'dostępny', 'manicure.png'),
(5, 'Koc podróżny', 'Miękki koc podróżny', '20.00', 'dostępny', 'koc.png'),
(6, 'Etui na dokumenty', 'Bezpieczne etui na paszport i dokumenty', '15.00', 'dostępny', 'etui.png'),
(7, 'Torba na laptopa', 'Odporna torba na laptopa', '50.00', 'dostępny', 'torba.png'),
(9, 'Zestaw do higieny', 'Podróżny zestaw higieniczny', '18.00', 'dostępny', 'higiena.png'),
(10, 'Zegarek podróżny', 'Elegancki zegarek podróżny', '90.00', 'dostępny', 'zegarek.png');

-- --------------------------------------------------------

--
-- Struktura tabeli dla tabeli `score`
--

CREATE TABLE `score` (
  `score_id` int NOT NULL,
  `result` int DEFAULT NULL,
  `user_id` int DEFAULT NULL,
  `username` varchar(255) COLLATE utf8mb3_polish_ci NOT NULL,
  `date` date NOT NULL
) ENGINE=InnoDB DEFAULT CHARSET=utf8mb3 COLLATE=utf8mb3_polish_ci;

--
-- Zrzut danych tabeli `score`
--

INSERT INTO `score` (`score_id`, `result`, `user_id`, `username`, `date`) VALUES
(37, 19, NULL, 'Marcosek', '0000-00-00'),
(55, 11, NULL, '!Oliwia123', '0000-00-00'),
(64, 24, NULL, 'PussyEater', '0000-00-00'),
(65, 0, NULL, 'pedo', '2023-12-14'),
(97, 34, NULL, 'SegietaToLoszust', '2023-12-13'),
(99, 32, NULL, 'kitusieq ', '0000-00-00'),
(107, 100, NULL, 'PiotrTiGigaSzef', '0000-00-00'),
(108, 8, NULL, 'jeffizmyname', '2023-12-21'),
(110, 68, NULL, 'Minomek', '2023-12-15'),
(111, 23, NULL, 'Hikoto', '2024-01-10'),
(112, 2, NULL, 'SegietaToCygan', '2023-12-20');

-- --------------------------------------------------------

--
-- Struktura tabeli dla tabeli `tickets`
--

CREATE TABLE `tickets` (
  `ticket_id` int NOT NULL,
  `user_id` int DEFAULT NULL,
  `username` varchar(255) COLLATE utf8mb3_polish_ci NOT NULL,
  `flight_id` int DEFAULT NULL,
  `purchase_date` date DEFAULT NULL,
  `ticket_type` varchar(50) COLLATE utf8mb3_polish_ci DEFAULT NULL,
  `payment_status` varchar(50) COLLATE utf8mb3_polish_ci DEFAULT NULL
) ENGINE=InnoDB DEFAULT CHARSET=utf8mb3 COLLATE=utf8mb3_polish_ci;

--
-- Zrzut danych tabeli `tickets`
--

INSERT INTO `tickets` (`ticket_id`, `user_id`, `username`, `flight_id`, `purchase_date`, `ticket_type`, `payment_status`) VALUES
(9, NULL, 'SegietaToLoszust', 1220, '2024-01-10', 'business_class', NULL),
(10, NULL, 'SegietaToLoszust', 1220, '2024-01-10', 'business_class', NULL),
(11, NULL, 'SegietaToLoszust', 1220, '2024-01-10', 'business_class', NULL),
(12, NULL, 'SegietaToLoszust', 1220, '2024-01-10', 'business_class', NULL),
(13, NULL, 'SegietaToLoszust', 1004, '2024-01-10', 'business_class', NULL),
(14, NULL, 'SegietaToLoszust', 1004, '2024-01-10', 'business_class', NULL),
(15, NULL, 'SegietaToLoszust', 1004, '2024-01-10', 'business_class', NULL),
(16, NULL, 'SegietaToLoszust', 1094, '2024-01-10', 'business_class', NULL),
(17, NULL, 'SegietaToLoszust', 1094, '2024-01-10', 'business_class', NULL),
(18, NULL, 'SegietaToLoszust', 1094, '2024-01-10', 'business_class', NULL),
(19, NULL, 'SegietaToLoszust', 1094, '2024-01-10', 'business_class', NULL),
(20, NULL, 'SegietaToLoszust', 1094, '2024-01-10', 'business_class', NULL),
(21, NULL, 'hikoto', 290, '2024-01-10', 'business_class', NULL),
(22, NULL, 'hikoto', 1001, '2024-01-10', 'economy_class', NULL),
(23, NULL, 'gambitsandomierski', 290, '2024-01-10', 'business_class', NULL),
(24, NULL, 'gambitbedzinski', 290, '2024-01-10', 'economy_class', NULL);

-- --------------------------------------------------------

--
-- Struktura tabeli dla tabeli `tour`
--

CREATE TABLE `tour` (
  `tour_id` int NOT NULL,
  `departure_location` varchar(50) COLLATE utf8mb3_polish_ci DEFAULT NULL,
  `arrival_location` varchar(50) COLLATE utf8mb3_polish_ci DEFAULT NULL,
  `duration` int NOT NULL,
  `business_class` int NOT NULL,
  `economy_class` int NOT NULL
) ENGINE=InnoDB DEFAULT CHARSET=utf8mb3 COLLATE=utf8mb3_polish_ci;

--
-- Zrzut danych tabeli `tour`
--

INSERT INTO `tour` (`tour_id`, `departure_location`, `arrival_location`, `duration`, `business_class`, `economy_class`) VALUES
(1, 'Sosnowiec', 'Francja', 8400, 1022, 883),
(2, 'Sosnowiec', 'Hiszpania', 9900, 1248, 300),
(3, 'Sosnowiec', 'Niemcy', 6300, 1106, 833),
(4, 'Sosnowiec', 'Anglia', 9000, 1304, 900),
(5, 'Sosnowiec', 'Chorwacja', 7200, 2081, 1352),
(6, 'Francja', 'Sosnowiec', 8400, 1022, 883),
(7, 'Hiszpania', 'Sosnowiec', 9900, 1248, 300),
(8, 'Niemcy', 'Sosnowiec', 6300, 1106, 833),
(9, 'Anglia', 'Sosnowiec', 9000, 1304, 900),
(10, 'Chorwacja', 'Sosnowiec', 7200, 2081, 1352);

-- --------------------------------------------------------

--
-- Struktura tabeli dla tabeli `users`
--

CREATE TABLE `users` (
  `user_id` int NOT NULL,
  `username` varchar(255) COLLATE utf8mb3_polish_ci DEFAULT NULL,
  `password` varchar(255) CHARACTER SET utf8mb4 COLLATE utf8mb4_general_ci NOT NULL,
  `email` varchar(255) COLLATE utf8mb3_polish_ci DEFAULT NULL,
  `verification_status` varchar(20) COLLATE utf8mb3_polish_ci NOT NULL,
  `code` mediumint NOT NULL,
  `number` varchar(20) COLLATE utf8mb3_polish_ci NOT NULL,
  `discount` varchar(255) COLLATE utf8mb3_polish_ci DEFAULT NULL,
  `used` varchar(255) COLLATE utf8mb3_polish_ci DEFAULT NULL
) ENGINE=InnoDB DEFAULT CHARSET=utf8mb3 COLLATE=utf8mb3_polish_ci;

--
-- Zrzut danych tabeli `users`
--

INSERT INTO `users` (`user_id`, `username`, `password`, `email`, `verification_status`, `code`, `number`, `discount`, `used`) VALUES
(9, 'Marcosek', '$2y$10$rbIh6HoskyLyjo7iKguwIudZRlRqmQcypCnrNTjpDe90imOr/tKze', 'marcelbru10@gmail.com', 'true', 0, '', NULL, NULL),
(10, 'SegietaToLoszust', '$2y$10$u3bts7JIpbWvKVkE5gGnv.25PYYe/vk95iN4Gpyph7a/vRv.jfOGm', 'Loszust@gmail.com', 'true', 0, '231543251', NULL, NULL),
(11, 'kitusieq ', '$2y$10$0ILaz7/AjFvjHP4Fn9Nu4OpqOp/7n7VFfrmYRIzkeHsBnZeJVE6Yu', 'kitusieq@gmail.com', 'true', 0, '', NULL, NULL),
(12, '!Oliwia123', '$2y$10$KSgZjbGVjyrOtyyr1aoih.go3hQArmTkUaR82xiG8DM3Kk714GZn2', 'oliwka.s@interia.pl', 'true', 0, '', NULL, NULL),
(13, 'jeffizmyname', '$2y$10$K2A6QIPDTCPDWtbZSU7KK.Rmf58LGjqFRq1ip.MBqPTajRuKnYPee', 'stasiek1489@gmail.com', 'true', 0, '', NULL, NULL),
(14, 'PussyEater', '$2y$10$Hv7EY2rayv.1hlhULc9.re.Tu8.hEhIArcnY1Xf4L91YZufW66bjq', 'xdxd@r.com', 'true', 0, '', NULL, NULL),
(15, 'KOchamPHP', '$2y$10$xKvOQDcMaVDHYz9vePh9F.b.6QFwBMQmWRXFu8e.F8Gv2tR8Jp6Eu', 'php.jest.swietne@example.org', 'true', 0, '', NULL, NULL),
(26, 'hikoto', '$2y$10$Fh/.P3OeR5ppt.T4Yx1qnuTZrJiAskv1Q3AXCaZDPau0tEMxtDlbO', 'hikotosataru@gmail.com', 'true', 975405, '666666666', '21720', 'no'),
(29, 'Horacy', '$2y$10$nC/EtlM8lBiffpT0qGsAO.wL6ayuLgeZxQDGzPW6rsPBtujScx.hC', 'marcelbru@outlook.com', 'true', 664662, '', NULL, NULL),
(31, 'Minomek', '$2y$10$5gCWRa/2ba1FhzLlOlRLi.yA4iXfPU8yoDm7RDrROSqLe1WnF/wUK', 'x0xnarux0x@gmail.com', 'true', 124672, '', NULL, NULL),
(42, 'PiotrTiGigaSzef', '$2y$10$0QAYGJAdFGSEh110u9JGYOc9FPZQpqZG4x5jrf/pLZJs43RAishx2', 'elo@gmail.com', 'true', 641058, '', NULL, NULL),
(45, 'KOCHAMPO', '$2y$10$ItFfipdS0D4o/y13AZkv6u3U5I48jmONqlCqwfgrCp/.UE2SYx2b6', 'donald@po.pl', 'false', 513487, '', NULL, NULL),
(46, 'łoszust', '$2y$10$E84WslbWKzzahEM4DauL8OtLuhKiqorLnX5SNApZjQzyDN5aoCCvG', 'oliseg25@gmail.com', 'true', 732043, '', NULL, NULL),
(54, 'SegietaToCygan', '$2y$10$G7viuk3OBuG88ayHxmxhXuDUc6.5EkVswbraET79cKz/8nd2kKaOq', 'fgj20067@nezid.com', 'true', 904626, '', NULL, NULL),
(55, 'Kajetan', '$2y$10$LJZORrpYbIwy4q58vQKsAelgbdZEritjL4.0wL5QfmzwXgdyZyukG', 'kajetan@gmail.com', 'false', 249580, '', NULL, NULL),
(56, 'gambitbedzinski', '$2y$10$wrFrjg1Olr87ekkY3jOe/u3PtoHRomC2S6EJEzOfD/4ldzBLiEFvu', 'gambitsandomierski150@gmail.com', 'true', 829888, '666222333', NULL, NULL);

--
-- Indeksy dla zrzutów tabel
--

--
-- Indeksy dla tabeli `flights`
--
ALTER TABLE `flights`
  ADD PRIMARY KEY (`ID`),
  ADD KEY `ID_plane` (`ID_plane`),
  ADD KEY `ID_tour` (`ID_tour`);

--
-- Indeksy dla tabeli `orders`
--
ALTER TABLE `orders`
  ADD PRIMARY KEY (`order_id`),
  ADD KEY `user_id` (`user_id`),
  ADD KEY `product_id` (`product_id`);

--
-- Indeksy dla tabeli `planes`
--
ALTER TABLE `planes`
  ADD PRIMARY KEY (`plane_id`);

--
-- Indeksy dla tabeli `products`
--
ALTER TABLE `products`
  ADD PRIMARY KEY (`product_id`);

--
-- Indeksy dla tabeli `score`
--
ALTER TABLE `score`
  ADD PRIMARY KEY (`score_id`),
  ADD KEY `user_id` (`user_id`);

--
-- Indeksy dla tabeli `tickets`
--
ALTER TABLE `tickets`
  ADD PRIMARY KEY (`ticket_id`),
  ADD KEY `flight_id` (`flight_id`),
  ADD KEY `user_id` (`user_id`);

--
-- Indeksy dla tabeli `tour`
--
ALTER TABLE `tour`
  ADD PRIMARY KEY (`tour_id`);

--
-- Indeksy dla tabeli `users`
--
ALTER TABLE `users`
  ADD PRIMARY KEY (`user_id`);

--
-- AUTO_INCREMENT dla zrzuconych tabel
--

--
-- AUTO_INCREMENT dla tabeli `flights`
--
ALTER TABLE `flights`
  MODIFY `ID` int NOT NULL AUTO_INCREMENT, AUTO_INCREMENT=1601;

--
-- AUTO_INCREMENT dla tabeli `orders`
--
ALTER TABLE `orders`
  MODIFY `order_id` int NOT NULL AUTO_INCREMENT, AUTO_INCREMENT=35;

--
-- AUTO_INCREMENT dla tabeli `planes`
--
ALTER TABLE `planes`
  MODIFY `plane_id` int NOT NULL AUTO_INCREMENT, AUTO_INCREMENT=21;

--
-- AUTO_INCREMENT dla tabeli `products`
--
ALTER TABLE `products`
  MODIFY `product_id` int NOT NULL AUTO_INCREMENT, AUTO_INCREMENT=11;

--
-- AUTO_INCREMENT dla tabeli `score`
--
ALTER TABLE `score`
  MODIFY `score_id` int NOT NULL AUTO_INCREMENT, AUTO_INCREMENT=113;

--
-- AUTO_INCREMENT dla tabeli `tickets`
--
ALTER TABLE `tickets`
  MODIFY `ticket_id` int NOT NULL AUTO_INCREMENT, AUTO_INCREMENT=25;

--
-- AUTO_INCREMENT dla tabeli `tour`
--
ALTER TABLE `tour`
  MODIFY `tour_id` int NOT NULL AUTO_INCREMENT, AUTO_INCREMENT=11;

--
-- AUTO_INCREMENT dla tabeli `users`
--
ALTER TABLE `users`
  MODIFY `user_id` int NOT NULL AUTO_INCREMENT, AUTO_INCREMENT=57;

--
-- Ograniczenia dla zrzutów tabel
--

--
-- Ograniczenia dla tabeli `flights`
--
ALTER TABLE `flights`
  ADD CONSTRAINT `flights_ibfk_1` FOREIGN KEY (`ID_plane`) REFERENCES `planes` (`plane_id`),
  ADD CONSTRAINT `flights_ibfk_2` FOREIGN KEY (`ID_tour`) REFERENCES `tour` (`tour_id`);

--
-- Ograniczenia dla tabeli `orders`
--
ALTER TABLE `orders`
  ADD CONSTRAINT `orders_ibfk_2` FOREIGN KEY (`product_id`) REFERENCES `products` (`product_id`);

--
-- Ograniczenia dla tabeli `score`
--
ALTER TABLE `score`
  ADD CONSTRAINT `score_ibfk_1` FOREIGN KEY (`user_id`) REFERENCES `users` (`user_id`);

--
-- Ograniczenia dla tabeli `tickets`
--
ALTER TABLE `tickets`
  ADD CONSTRAINT `tickets_ibfk_1` FOREIGN KEY (`user_id`) REFERENCES `users` (`user_id`),
  ADD CONSTRAINT `tickets_ibfk_2` FOREIGN KEY (`user_id`) REFERENCES `users` (`user_id`);
COMMIT;

/*!40101 SET CHARACTER_SET_CLIENT=@OLD_CHARACTER_SET_CLIENT */;
/*!40101 SET CHARACTER_SET_RESULTS=@OLD_CHARACTER_SET_RESULTS */;
/*!40101 SET COLLATION_CONNECTION=@OLD_COLLATION_CONNECTION */;
